fecha,prec,temt,dirv,velv,radg,humr
2019-10-06 00:00:00,0.0,16.8,311.8,3.0,0.0,74.0
2019-10-06 00:15:00,0.0,16.9,297.8,0.1,0.0,73.0
2019-10-06 00:30:00,0.0,17.1,21.1,2.2,0.0,69.0
2019-10-06 00:45:00,0.0,16.3,339.9,2.7,0.0,76.0
2019-10-06 01:00:00,0.0,15.7,8.6,1.5,0.0,80.0
2019-10-06 01:15:00,0.0,15.9,92.0,3.7,0.0,80.0
2019-10-06 01:30:00,0.0,15.8,323.5,3.1,0.0,80.0
2019-10-06 01:45:00,0.0,15.5,173.4,1.7,0.0,80.0
2019-10-06 02:00:00,0.0,15.0,308.5,2.0,0.0,83.0
2019-10-06 02:15:00,0.0,15.2,328.0,3.7,0.0,82.0
2019-10-06 02:30:00,0.0,15.0,347.3,2.5,0.0,83.0
2019-10-06 02:45:00,0.0,15.3,28.0,2.5,0.0,82.0
2019-10-06 03:00:00,0.0,15.2,341.7,2.5,0.0,84.0
2019-10-06 03:15:00,0.0,15.1,14.3,3.5,0.0,83.0
2019-10-06 03:30:00,0.0,14.1,273.9,1.4,0.0,86.0
2019-10-06 03:45:00,0.0,13.7,343.2,2.2,0.0,89.0
2019-10-06 04:00:00,0.0,13.7,185.6,1.6,0.0,87.0
2019-10-06 04:15:00,0.0,12.9,23.7,2.0,0.0,91.0
2019-10-06 04:30:00,0.0,12.8,193.6,2.0,0.0,94.0
2019-10-06 04:45:00,0.0,12.6,340.2,2.1,0.0,95.0
2019-10-06 05:00:00,0.0,12.5,347.1,3.1,0.0,95.0
2019-10-06 05:15:00,0.0,12.6,5.5,3.3,0.0,95.0
2019-10-06 05:30:00,0.0,12.9,5.8,4.2,0.0,93.0
2019-10-06 05:45:00,0.0,13.1,336.4,3.5,0.0,91.0
2019-10-06 06:00:00,0.0,13.0,100.9,2.3,0.0,90.0
2019-10-06 06:15:00,0.0,11.7,335.1,1.4,0.0,93.0
2019-10-06 06:30:00,0.0,11.7,359.5,2.4,0.0,95.0
2019-10-06 06:45:00,0.0,11.7,228.1,2.8,0.0,95.0
2019-10-06 07:00:00,0.0,11.1,255.3,0.8,0.0,95.0
2019-10-06 07:15:00,0.0,10.9,315.1,1.8,0.0,96.0
2019-10-06 07:30:00,0.0,11.3,313.9,3.2,0.0,97.0
2019-10-06 07:45:00,0.0,11.7,307.5,3.6,0.3,97.0
2019-10-06 08:00:00,0.0,12.1,299.0,2.1,14.8,95.0
2019-10-06 08:15:00,0.0,12.7,330.4,2.4,41.7,94.0
2019-10-06 08:30:00,0.0,13.9,330.0,2.7,90.1,92.0
2019-10-06 08:45:00,0.0,15.5,113.7,3.0,147.4,86.0
2019-10-06 09:00:00,0.0,16.2,108.8,3.0,198.0,83.0
2019-10-06 09:15:00,0.0,16.8,93.6,2.4,257.9,81.0
2019-10-06 09:30:00,0.0,18.7,44.9,1.9,320.2,74.0
2019-10-06 09:45:00,0.0,19.5,98.5,3.0,379.0,69.0
2019-10-06 10:00:00,0.0,20.2,107.8,3.1,439.4,66.0
2019-10-06 10:15:00,0.0,20.4,144.4,5.5,500.3,65.0
2019-10-06 10:30:00,0.0,20.9,158.7,4.4,554.6,64.0
2019-10-06 10:45:00,0.0,21.6,243.2,4.0,606.6,61.0
2019-10-06 11:00:00,0.0,21.8,313.9,5.2,656.4,59.0
2019-10-06 11:15:00,0.0,22.5,247.5,3.6,700.6,57.0
2019-10-06 11:30:00,0.0,23.1,248.4,3.9,744.2,55.0
2019-10-06 11:45:00,0.0,23.3,21.5,4.2,786.4,54.0
2019-10-06 12:00:00,0.0,23.6,58.5,4.6,819.7,52.0
2019-10-06 12:15:00,0.0,23.9,9.1,6.1,855.0,51.0
2019-10-06 12:30:00,0.0,24.7,269.8,4.9,879.6,49.0
2019-10-06 12:45:00,0.0,25.1,286.1,5.2,907.3,47.0
2019-10-06 13:00:00,0.0,25.9,70.9,5.0,920.1,44.0
2019-10-06 13:15:00,0.0,26.0,321.1,4.7,944.5,43.0
2019-10-06 13:30:00,0.0,26.2,323.1,6.9,954.5,44.0
2019-10-06 13:45:00,0.0,26.2,15.7,5.7,955.1,43.0
2019-10-06 14:00:00,0.0,26.8,282.5,5.4,976.9,41.0
2019-10-06 14:15:00,0.0,27.1,14.5,6.4,767.4,42.0
2019-10-06 14:30:00,0.0,26.8,315.6,7.2,807.7,42.0
2019-10-06 14:45:00,0.0,27.1,304.5,8.8,936.9,41.0
2019-10-06 15:00:00,0.0,27.5,357.3,4.6,777.8,39.0
2019-10-06 15:15:00,0.0,27.9,32.6,7.2,887.7,38.0
2019-10-06 15:30:00,0.0,28.1,5.6,8.6,884.9,37.0
2019-10-06 15:45:00,0.0,28.0,34.4,10.0,777.2,36.0
2019-10-06 16:00:00,0.0,28.6,3.2,6.6,835.7,35.0
2019-10-06 16:15:00,0.0,28.2,333.2,7.5,667.0,34.0
2019-10-06 16:30:00,0.0,28.6,1.6,8.6,722.7,34.0
2019-10-06 16:45:00,0.0,28.4,10.2,9.2,658.6,34.0
2019-10-06 17:00:00,0.0,28.5,30.5,11.4,600.2,33.0
2019-10-06 17:15:00,0.0,28.4,339.1,8.1,553.8,33.0
2019-10-06 17:30:00,0.0,28.7,329.9,6.6,499.8,33.0
2019-10-06 17:45:00,0.0,28.4,17.8,9.7,422.0,33.0
2019-10-06 18:00:00,0.0,28.1,55.1,7.6,367.5,33.0
2019-10-06 18:15:00,0.0,28.1,75.9,9.9,312.4,33.0
2019-10-06 18:30:00,0.0,27.9,60.0,8.1,255.6,34.0
2019-10-06 18:45:00,0.0,27.5,53.8,9.2,185.7,34.0
2019-10-06 19:00:00,0.0,27.3,50.7,7.9,119.7,35.0
2019-10-06 19:15:00,0.0,26.7,26.9,8.6,48.9,37.0
2019-10-06 19:30:00,0.0,25.5,55.1,7.3,6.7,40.0
2019-10-06 19:45:00,0.0,23.7,36.1,5.1,0.0,44.0
2019-10-06 20:00:00,0.0,23.2,32.5,3.9,0.0,46.0
2019-10-06 20:15:00,0.0,22.5,19.2,3.5,0.0,49.0
2019-10-06 20:30:00,0.0,21.7,339.7,3.5,0.0,52.0
2019-10-06 20:45:00,0.0,21.1,337.0,3.7,0.0,53.0
2019-10-06 21:00:00,0.0,20.3,318.5,4.9,0.0,58.0
2019-10-06 21:15:00,0.0,20.5,328.8,4.2,0.0,56.0
2019-10-06 21:30:00,0.0,20.9,339.9,3.7,0.0,55.0
2019-10-06 21:45:00,0.0,20.5,3.9,3.2,0.0,58.0
2019-10-06 22:00:00,0.0,19.9,351.7,4.2,0.0,63.0
2019-10-06 22:15:00,0.0,20.8,5.0,6.8,0.0,56.0
2019-10-06 22:30:00,0.0,21.0,9.3,4.4,0.0,55.0
2019-10-06 22:45:00,0.0,20.6,4.6,4.6,0.0,55.0
2019-10-06 23:00:00,0.0,20.7,269.1,2.9,0.0,55.0
2019-10-06 23:15:00,0.0,19.9,315.4,2.7,0.0,58.0
2019-10-06 23:30:00,0.0,19.0,252.3,3.3,0.0,61.0
2019-10-06 23:45:00,0.0,18.7,248.1,3.9,0.0,63.0
2019-10-07 00:00:00,0.0,18.7,277.8,3.3,0.0,64.0
2019-10-07 00:15:00,0.0,19.1,287.2,3.2,0.0,65.0
2019-10-07 00:30:00,0.0,18.8,291.5,5.3,0.0,66.0
2019-10-07 00:45:00,0.0,19.1,299.7,4.6,0.0,66.0
2019-10-07 01:00:00,0.0,19.2,359.1,4.7,0.0,65.0
2019-10-07 01:15:00,0.0,18.7,338.0,4.0,0.0,67.0
2019-10-07 01:30:00,0.0,17.7,21.7,2.6,0.0,71.0
2019-10-07 01:45:00,0.0,17.2,352.5,2.8,0.0,73.0
2019-10-07 02:00:00,0.0,16.7,357.8,2.9,0.0,75.0
2019-10-07 02:15:00,0.0,15.9,221.4,0.9,0.0,79.0
2019-10-07 02:30:00,0.0,15.8,22.3,2.9,0.0,79.0
2019-10-07 02:45:00,0.0,16.6,37.8,4.1,0.0,77.0
2019-10-07 03:00:00,0.0,15.9,166.4,2.1,0.0,79.0
2019-10-07 03:15:00,0.0,14.8,356.5,0.5,0.0,83.0
2019-10-07 03:30:00,0.0,14.6,243.0,0.8,0.0,84.0
2019-10-07 03:45:00,0.0,14.3,244.9,0.5,0.0,86.0
2019-10-07 04:00:00,0.0,14.0,159.7,0.4,0.0,88.0
2019-10-07 04:15:00,0.0,14.0,237.7,0.6,0.0,88.0
2019-10-07 04:30:00,0.0,13.2,318.7,2.8,0.0,91.0
2019-10-07 04:45:00,0.0,13.6,333.2,4.7,0.0,91.0
2019-10-07 05:00:00,0.0,14.3,313.3,5.3,0.0,89.0
2019-10-07 05:15:00,0.0,14.2,324.4,4.6,0.0,89.0
2019-10-07 05:30:00,0.0,14.0,337.7,4.6,0.0,89.0
2019-10-07 05:45:00,0.0,13.9,338.0,4.8,0.0,89.0
2019-10-07 06:00:00,0.0,14.0,355.8,4.6,0.0,88.0
2019-10-07 06:15:00,0.0,13.8,334.6,5.3,0.0,88.0
2019-10-07 06:30:00,0.0,13.5,344.6,3.6,0.0,89.0
2019-10-07 06:45:00,0.0,13.4,336.2,3.6,0.0,90.0
2019-10-07 07:00:00,0.0,13.3,356.2,5.0,0.0,90.0
2019-10-07 07:15:00,0.0,13.2,318.1,3.8,0.0,90.0
2019-10-07 07:30:00,0.0,12.7,331.4,4.0,0.0,91.0
2019-10-07 07:45:00,0.0,12.5,349.2,4.6,0.3,92.0
2019-10-07 08:00:00,0.0,12.6,1.6,5.9,14.5,92.0
2019-10-07 08:15:00,0.0,13.3,352.1,4.2,51.2,90.0
2019-10-07 08:30:00,0.0,14.2,343.4,4.4,95.9,87.0
2019-10-07 08:45:00,0.0,15.0,348.6,6.5,149.3,86.0
2019-10-07 09:00:00,0.0,16.1,7.7,5.3,207.2,83.0
2019-10-07 09:15:00,0.0,17.0,10.9,7.1,267.6,79.0
2019-10-07 09:30:00,0.0,18.1,359.6,8.1,330.6,74.0
2019-10-07 09:45:00,0.0,18.9,27.7,6.5,390.4,70.0
2019-10-07 10:00:00,0.0,19.5,8.3,5.9,446.1,68.0
2019-10-07 10:15:00,0.0,20.1,39.7,7.2,505.4,65.0
2019-10-07 10:30:00,0.0,20.6,13.8,8.1,565.2,62.0
2019-10-07 10:45:00,0.0,21.1,27.1,9.4,617.2,57.0
2019-10-07 11:00:00,0.0,21.5,31.9,9.1,672.6,57.0
2019-10-07 11:15:00,0.0,21.9,48.6,11.0,727.2,56.0
2019-10-07 11:30:00,0.0,22.4,80.6,13.1,792.6,54.0
2019-10-07 11:45:00,0.0,22.9,54.9,13.4,814.7,53.0
2019-10-07 12:00:00,0.0,23.0,90.9,12.5,797.4,52.0
2019-10-07 12:15:00,0.0,23.2,50.8,12.2,702.0,51.0
2019-10-07 12:30:00,0.0,24.2,75.6,11.6,1020.3,48.0
2019-10-07 12:45:00,0.0,24.0,38.0,10.5,676.0,48.0
2019-10-07 13:00:00,0.0,24.6,59.2,12.0,729.1,47.0
2019-10-07 13:15:00,0.0,24.6,49.1,12.9,800.1,45.0
2019-10-07 13:30:00,0.0,25.1,56.1,13.9,981.4,44.0
2019-10-07 13:45:00,0.0,25.5,49.3,12.8,982.2,42.0
2019-10-07 14:00:00,0.0,25.3,50.1,13.0,874.5,41.0
2019-10-07 14:15:00,0.0,25.9,42.9,13.7,918.4,39.0
2019-10-07 14:30:00,0.0,26.3,62.1,14.6,949.5,38.0
2019-10-07 14:45:00,0.0,25.8,28.4,11.6,769.7,38.0
2019-10-07 15:00:00,0.0,26.0,44.6,12.1,855.2,38.0
2019-10-07 15:15:00,0.0,27.0,51.8,13.1,1018.0,35.0
2019-10-07 15:30:00,0.0,26.1,43.2,13.3,564.1,34.0
2019-10-07 15:45:00,0.0,26.9,49.3,12.5,743.9,33.0
2019-10-07 16:00:00,0.0,26.9,19.9,12.9,637.1,33.0
2019-10-07 16:15:00,0.0,26.9,61.1,11.8,672.3,33.0
2019-10-07 16:30:00,0.0,26.4,49.6,11.3,516.6,34.0
2019-10-07 16:45:00,0.0,26.5,69.0,12.5,391.3,32.0
2019-10-07 17:00:00,0.0,26.5,45.1,9.9,439.1,33.0
2019-10-07 17:15:00,0.0,26.2,100.2,11.1,339.5,34.0
2019-10-07 17:30:00,0.0,27.1,44.5,12.6,529.4,32.0
2019-10-07 17:45:00,0.0,25.7,45.0,13.1,164.2,34.0
2019-10-07 18:00:00,0.0,25.2,48.7,9.2,138.2,34.0
2019-10-07 18:15:00,0.0,25.5,74.0,13.0,220.1,33.0
2019-10-07 18:30:00,0.0,25.9,64.9,14.1,251.4,33.0
2019-10-07 18:45:00,0.0,25.5,39.7,13.5,185.4,33.0
2019-10-07 19:00:00,0.0,24.9,68.5,13.7,119.1,34.0
2019-10-07 19:15:00,0.0,23.9,58.0,12.6,39.2,37.0
2019-10-07 19:30:00,0.0,23.2,63.5,10.4,14.0,38.0
2019-10-07 19:45:00,0.0,22.4,57.7,9.9,0.0,41.0
2019-10-07 20:00:00,0.0,21.6,50.9,6.5,0.0,44.0
2019-10-07 20:15:00,0.0,20.4,60.3,5.1,0.0,48.0
2019-10-07 20:30:00,0.0,19.9,59.0,5.7,0.0,49.0
2019-10-07 20:45:00,0.0,19.3,49.1,4.3,0.0,51.0
2019-10-07 21:00:00,0.0,18.7,33.0,4.4,0.0,54.0
2019-10-07 21:15:00,0.0,18.6,67.0,8.7,0.0,54.0
2019-10-07 21:30:00,0.0,19.3,108.6,9.7,0.0,55.0
2019-10-07 21:45:00,0.0,19.4,78.2,8.5,0.0,56.0
2019-10-07 22:00:00,0.0,19.7,97.8,13.4,0.0,54.0
2019-10-07 22:15:00,0.0,19.3,103.9,12.5,0.0,56.0
2019-10-07 22:30:00,0.0,19.0,89.7,9.6,0.0,58.0
2019-10-07 22:45:00,0.0,18.5,75.4,7.3,0.0,61.0
2019-10-07 23:00:00,0.0,18.3,72.7,7.4,0.0,61.0
2019-10-07 23:15:00,0.0,17.7,357.6,3.9,0.0,62.0
2019-10-07 23:30:00,0.0,17.7,7.2,4.3,0.0,61.0
2019-10-07 23:45:00,0.0,17.2,340.3,5.3,0.0,63.0
2019-10-08 00:00:00,0.0,17.4,2.0,6.3,0.0,61.0
2019-10-08 00:15:00,0.0,17.4,22.2,8.7,0.0,60.0
2019-10-08 00:30:00,0.0,17.0,47.0,11.4,0.0,62.0
2019-10-08 00:45:00,0.0,17.2,7.5,8.2,0.0,59.0
2019-10-08 01:00:00,0.0,16.1,305.9,4.6,0.0,63.0
2019-10-08 01:15:00,0.0,14.9,308.7,4.6,0.0,69.0
2019-10-08 01:30:00,0.0,15.0,14.0,5.6,0.0,67.0
2019-10-08 01:45:00,0.0,15.8,37.2,10.0,0.0,62.0
2019-10-08 02:00:00,0.0,16.4,55.9,15.2,0.0,59.0
2019-10-08 02:15:00,0.0,16.0,37.0,9.5,0.0,61.0
2019-10-08 02:30:00,0.0,15.3,22.5,7.5,0.0,66.0
2019-10-08 02:45:00,0.0,15.3,38.5,9.8,0.0,67.0
2019-10-08 03:00:00,0.0,15.2,32.4,11.9,0.0,69.0
2019-10-08 03:15:00,0.0,15.0,34.0,11.1,0.0,70.0
2019-10-08 03:30:00,0.0,14.6,337.9,7.8,0.0,72.0
2019-10-08 03:45:00,0.0,13.5,294.3,6.4,0.0,76.0
2019-10-08 04:00:00,0.0,14.0,8.5,5.6,0.0,75.0
2019-10-08 04:15:00,0.0,13.2,332.8,4.7,0.0,78.0
2019-10-08 04:30:00,0.0,13.2,338.5,5.5,0.0,78.0
2019-10-08 04:45:00,0.0,13.1,14.2,5.4,0.0,79.0
2019-10-08 05:00:00,0.0,13.1,20.6,5.0,0.0,79.0
2019-10-08 05:15:00,0.0,13.2,10.1,3.7,0.0,79.0
2019-10-08 05:30:00,0.0,13.3,14.3,6.2,0.0,79.0
2019-10-08 05:45:00,0.0,12.6,344.6,6.8,0.0,81.0
2019-10-08 06:00:00,0.0,11.7,23.8,7.5,0.0,85.0
2019-10-08 06:15:00,0.0,11.4,28.4,7.2,0.0,86.0
2019-10-08 06:30:00,0.0,11.0,6.4,6.2,0.0,88.0
2019-10-08 06:45:00,0.0,10.7,11.4,5.6,0.0,89.0
2019-10-08 07:00:00,0.0,10.5,339.8,5.0,0.0,90.0
2019-10-08 07:15:00,0.0,10.4,20.9,3.9,0.0,90.0
2019-10-08 07:30:00,0.0,10.2,4.8,4.1,0.0,91.0
2019-10-08 07:45:00,0.0,10.5,359.2,3.6,0.0,91.0
2019-10-08 08:00:00,0.0,10.7,43.3,2.9,16.2,90.0
2019-10-08 08:15:00,0.0,11.2,316.7,1.9,50.6,89.0
2019-10-08 08:30:00,0.0,12.2,339.9,4.0,94.0,87.0
2019-10-08 08:45:00,0.0,13.4,348.4,5.4,146.5,83.0
2019-10-08 09:00:00,0.0,14.3,32.7,5.6,201.9,80.0
2019-10-08 09:15:00,0.0,15.3,15.8,6.9,262.6,77.0
2019-10-08 09:30:00,0.0,16.3,2.9,9.0,322.7,73.0
2019-10-08 09:45:00,0.0,17.4,359.9,7.9,380.6,69.0
2019-10-08 10:00:00,0.0,18.4,38.1,11.1,442.2,65.0
2019-10-08 10:15:00,0.0,19.3,38.0,9.6,502.3,61.0
2019-10-08 10:30:00,0.0,19.9,27.6,9.9,555.7,59.0
2019-10-08 10:45:00,0.0,20.1,46.6,14.0,610.8,58.0
2019-10-08 11:00:00,0.0,20.6,49.6,11.5,658.9,56.0
2019-10-08 11:15:00,0.0,21.4,39.6,13.4,708.4,53.0
2019-10-08 11:30:00,0.0,21.9,68.2,11.8,750.9,50.0
2019-10-08 11:45:00,0.0,22.7,31.9,13.0,794.3,48.0
2019-10-08 12:00:00,0.0,23.0,46.2,11.6,829.8,47.0
2019-10-08 12:15:00,0.0,23.2,50.0,12.1,862.0,45.0
2019-10-08 12:30:00,0.0,23.6,52.0,10.8,890.8,44.0
2019-10-08 12:45:00,0.0,24.2,67.1,9.4,920.4,43.0
2019-10-08 13:00:00,0.0,24.2,38.0,9.1,962.9,43.0
2019-10-08 13:15:00,0.0,24.6,17.1,12.5,823.9,41.0
2019-10-08 13:30:00,0.0,24.2,44.1,10.4,768.3,41.0
2019-10-08 13:45:00,0.0,25.2,46.2,12.5,1068.4,39.0
2019-10-08 14:00:00,0.0,24.8,118.9,8.0,655.8,40.0
2019-10-08 14:15:00,0.0,25.4,42.5,12.0,802.4,38.0
2019-10-08 14:30:00,0.0,25.3,56.6,10.2,724.9,38.0
2019-10-08 14:45:00,0.0,25.4,59.7,9.2,720.2,37.0
2019-10-08 15:00:00,0.0,26.6,49.7,10.3,964.9,36.0
2019-10-08 15:15:00,0.0,25.6,52.9,8.3,500.6,36.0
2019-10-08 15:30:00,0.0,26.1,112.8,5.9,696.7,34.0
2019-10-08 15:45:00,0.0,26.5,41.4,11.6,638.8,35.0
2019-10-08 16:00:00,0.0,26.4,29.4,6.4,617.2,34.0
2019-10-08 16:15:00,0.0,26.7,68.9,11.5,593.7,34.0
2019-10-08 16:30:00,0.0,26.0,31.2,7.1,434.1,35.0
2019-10-08 16:45:00,0.0,26.8,40.5,8.3,628.7,34.0
2019-10-08 17:00:00,0.0,25.9,45.9,8.1,225.1,34.0
2019-10-08 17:15:00,0.0,26.6,65.8,9.9,575.8,34.0
2019-10-08 17:30:00,0.0,26.0,82.2,8.3,269.9,35.0
2019-10-08 17:45:00,0.0,26.7,76.9,11.3,514.9,34.0
2019-10-08 18:00:00,0.0,26.5,16.5,7.4,318.3,33.0
2019-10-08 18:15:00,0.0,26.0,72.9,9.9,307.9,35.0
2019-10-08 18:30:00,0.0,26.1,44.1,8.3,234.4,34.0
2019-10-08 18:45:00,0.0,25.2,18.4,6.5,76.1,36.0
2019-10-08 19:00:00,0.0,24.8,74.2,8.1,64.0,37.0
2019-10-08 19:15:00,0.0,23.9,95.0,6.9,27.4,41.0
2019-10-08 19:30:00,0.0,22.8,56.3,4.6,9.2,44.0
2019-10-08 19:45:00,0.0,21.9,57.4,4.5,0.0,46.0
2019-10-08 20:00:00,0.0,21.2,56.9,5.2,0.0,48.0
2019-10-08 20:15:00,0.0,20.2,21.1,3.9,0.0,52.0
2019-10-08 20:30:00,0.0,19.9,24.0,3.6,0.0,52.0
2019-10-08 20:45:00,0.0,19.4,19.7,4.4,0.0,55.0
2019-10-08 21:00:00,0.0,19.2,14.5,5.1,0.0,55.0
2019-10-08 21:15:00,0.0,18.9,14.2,4.5,0.0,55.0
2019-10-08 21:30:00,0.0,18.4,276.2,2.3,0.0,57.0
2019-10-08 21:45:00,0.0,18.1,258.9,1.5,0.0,57.0
2019-10-08 22:00:00,0.0,16.9,242.6,3.0,0.0,62.0
2019-10-08 22:15:00,0.0,16.7,259.5,1.6,0.0,63.0
2019-10-08 22:30:00,0.0,17.1,19.0,1.3,0.0,61.0
2019-10-08 22:45:00,0.0,17.8,111.5,3.2,0.0,59.0
2019-10-08 23:00:00,0.0,17.3,305.1,3.1,0.0,61.0
2019-10-08 23:15:00,0.0,16.3,274.0,4.2,0.0,66.0
2019-10-08 23:30:00,0.0,16.6,311.4,4.4,0.0,64.0
2019-10-08 23:45:00,0.0,16.3,319.4,3.5,0.0,65.0
2019-10-09 00:00:00,0.0,15.4,282.0,5.0,0.0,69.0
2019-10-09 00:15:00,0.0,14.9,287.3,3.3,0.0,72.0
2019-10-09 00:30:00,0.0,14.7,293.1,5.8,0.0,73.0
2019-10-09 00:45:00,0.0,14.7,295.4,6.4,0.0,73.0
2019-10-09 01:00:00,0.0,14.7,313.8,6.0,0.0,73.0
2019-10-09 01:15:00,0.0,14.4,314.1,5.0,0.0,74.0
2019-10-09 01:30:00,0.0,13.9,324.5,4.2,0.0,77.0
2019-10-09 01:45:00,0.0,13.8,331.0,3.2,0.0,77.0
2019-10-09 02:00:00,0.0,13.0,54.7,3.2,0.0,81.0
2019-10-09 02:15:00,0.0,12.0,17.1,2.7,0.0,86.0
2019-10-09 02:30:00,0.0,12.5,348.0,3.3,0.0,84.0
2019-10-09 02:45:00,0.0,12.7,6.8,4.0,0.0,83.0
2019-10-09 03:00:00,0.0,13.0,359.7,6.0,0.0,83.0
2019-10-09 03:15:00,0.0,13.5,5.9,6.0,0.0,81.0
2019-10-09 03:30:00,0.0,13.3,339.5,6.3,0.0,82.0
2019-10-09 03:45:00,0.0,13.2,356.7,6.7,0.0,83.0
2019-10-09 04:00:00,0.0,13.2,8.5,6.0,0.0,82.0
2019-10-09 04:15:00,0.0,13.2,6.0,6.8,0.0,83.0
2019-10-09 04:30:00,0.0,13.3,10.2,7.0,0.0,82.0
2019-10-09 04:45:00,0.0,13.4,353.0,6.7,0.0,82.0
2019-10-09 05:00:00,0.0,13.4,353.2,6.4,0.0,82.0
2019-10-09 05:15:00,0.0,13.4,345.8,5.0,0.0,82.0
2019-10-09 05:30:00,0.0,13.0,339.9,2.1,0.0,83.0
2019-10-09 05:45:00,0.0,12.2,351.6,3.9,0.0,86.0
2019-10-09 06:00:00,0.0,12.2,328.1,3.2,0.0,87.0
2019-10-09 06:15:00,0.0,11.8,323.6,2.5,0.0,88.0
2019-10-09 06:30:00,0.0,11.6,324.6,4.3,0.0,89.0
2019-10-09 06:45:00,0.0,11.6,323.8,4.8,0.0,90.0
2019-10-09 07:00:00,0.0,11.7,339.4,5.7,0.0,89.0
2019-10-09 07:15:00,0.0,12.0,4.3,6.8,0.0,88.0
2019-10-09 07:30:00,0.0,11.9,13.9,4.8,0.0,88.0
2019-10-09 07:45:00,0.0,11.6,9.8,4.6,0.0,89.0
2019-10-09 08:00:00,0.0,11.4,39.8,3.3,14.8,91.0
2019-10-09 08:15:00,0.0,11.3,208.5,1.9,48.7,89.0
2019-10-09 08:30:00,0.0,11.3,213.9,2.2,93.4,89.0
2019-10-09 08:45:00,0.0,12.5,299.9,1.7,147.7,87.0
2019-10-09 09:00:00,0.0,14.5,1.5,3.6,207.5,81.0
2019-10-09 09:15:00,0.0,16.2,25.6,5.1,267.1,76.0
2019-10-09 09:30:00,0.0,17.3,346.7,6.2,326.7,73.0
2019-10-09 09:45:00,0.0,18.0,0.3,6.9,388.5,70.0
2019-10-09 10:00:00,0.0,18.7,343.9,6.6,434.1,68.0
2019-10-09 10:15:00,0.0,19.6,56.4,6.4,501.5,64.0
2019-10-09 10:30:00,0.0,20.3,345.4,4.8,550.7,60.0
2019-10-09 10:45:00,0.0,21.2,77.2,4.1,611.4,57.0
2019-10-09 11:00:00,0.0,21.4,357.0,6.1,662.3,56.0
2019-10-09 11:15:00,0.0,22.0,135.1,5.0,707.6,54.0
2019-10-09 11:30:00,0.0,22.4,124.9,5.3,750.4,54.0
2019-10-09 11:45:00,0.0,22.9,122.6,6.9,787.8,52.0
2019-10-09 12:00:00,0.0,23.2,106.1,6.7,818.0,51.0
2019-10-09 12:15:00,0.0,23.8,58.7,6.6,851.9,49.0
2019-10-09 12:30:00,0.0,24.0,50.7,7.7,882.7,47.0
2019-10-09 12:45:00,0.0,24.8,45.4,8.0,908.4,45.0
2019-10-09 13:00:00,0.0,24.9,23.5,6.8,927.4,43.0
2019-10-09 13:15:00,0.0,25.6,27.8,8.4,935.8,41.0
2019-10-09 13:30:00,0.0,25.8,101.3,9.6,947.3,41.0
2019-10-09 13:45:00,0.0,25.9,77.7,10.4,963.2,41.0
2019-10-09 14:00:00,0.0,26.3,86.7,9.4,973.0,39.0
2019-10-09 14:15:00,0.0,27.0,218.5,5.7,955.6,38.0
2019-10-09 14:30:00,0.0,27.5,36.5,5.6,977.5,38.0
2019-10-09 14:45:00,0.0,27.3,48.1,7.7,941.4,38.0
2019-10-09 15:00:00,0.0,27.5,293.1,7.4,912.3,37.0
2019-10-09 15:15:00,0.0,28.1,0.6,6.8,915.7,36.0
2019-10-09 15:30:00,0.0,27.9,283.2,6.6,907.3,36.0
2019-10-09 15:45:00,0.0,28.0,109.6,5.6,613.0,35.0
2019-10-09 16:00:00,0.0,26.8,351.3,5.7,506.5,37.0
2019-10-09 16:15:00,0.0,26.2,307.5,7.0,144.6,38.0
2019-10-09 16:30:00,0.0,27.3,273.0,6.0,489.7,36.0
2019-10-09 16:45:00,0.0,28.7,225.7,5.6,598.2,33.0
2019-10-09 17:00:00,0.0,28.0,142.3,5.5,470.7,34.0
2019-10-09 17:15:00,0.0,28.6,322.1,6.1,602.7,33.0
2019-10-09 17:30:00,0.0,28.1,339.4,8.3,471.3,34.0
2019-10-09 17:45:00,0.0,26.6,256.5,4.0,83.6,36.0
2019-10-09 18:00:00,0.0,27.2,223.0,4.6,317.7,35.0
2019-10-09 18:15:00,0.0,27.9,298.5,4.1,267.6,33.0
2019-10-09 18:30:00,0.0,27.4,274.3,4.9,204.7,34.0
2019-10-09 18:45:00,0.0,27.4,272.9,3.8,156.9,34.0
2019-10-09 19:00:00,0.0,26.8,285.3,2.8,89.5,36.0
2019-10-09 19:15:00,0.0,25.4,280.7,2.2,32.2,39.0
2019-10-09 19:30:00,0.0,23.8,273.7,3.6,5.9,42.0
2019-10-09 19:45:00,0.0,22.7,285.8,3.8,0.0,45.0
2019-10-09 20:00:00,0.0,21.9,279.4,3.3,0.0,47.0
2019-10-09 20:15:00,0.0,21.3,292.2,4.3,0.0,48.0
2019-10-09 20:30:00,0.0,21.0,304.9,4.4,0.0,49.0
2019-10-09 20:45:00,0.0,20.7,283.0,4.1,0.0,49.0
2019-10-09 21:00:00,0.0,19.6,53.3,1.8,0.0,55.0
2019-10-09 21:15:00,0.0,17.6,50.0,3.1,0.0,65.0
2019-10-09 21:30:00,0.0,17.3,323.3,1.8,0.0,64.0
2019-10-09 21:45:00,0.0,17.1,51.2,3.1,0.0,64.0
2019-10-09 22:00:00,0.0,16.0,233.9,2.2,0.0,69.0
2019-10-09 22:15:00,0.0,15.4,285.2,1.5,0.0,72.0
2019-10-09 22:30:00,0.0,15.7,321.7,1.7,0.0,71.0
2019-10-09 22:45:00,0.0,15.7,242.4,1.2,0.0,70.0
2019-10-09 23:00:00,0.0,15.6,219.5,1.5,0.0,70.0
2019-10-09 23:15:00,0.0,15.1,212.4,0.3,0.0,72.0
2019-10-09 23:30:00,0.0,15.2,249.1,0.8,0.0,71.0
2019-10-09 23:45:00,0.0,16.0,263.1,1.9,0.0,67.0
2019-10-10 00:00:00,0.0,16.0,315.0,2.2,0.0,66.0
2019-10-10 00:15:00,0.0,14.8,338.0,5.0,0.0,72.0
2019-10-10 00:30:00,0.0,15.1,345.0,4.6,0.0,70.0
2019-10-10 00:45:00,0.0,14.4,243.0,2.3,0.0,72.0
2019-10-10 01:00:00,0.0,13.6,332.9,3.8,0.0,77.0
2019-10-10 01:15:00,0.0,14.3,309.1,4.6,0.0,73.0
2019-10-10 01:30:00,0.0,14.2,324.3,3.8,0.0,75.0
2019-10-10 01:45:00,0.0,13.4,285.5,2.8,0.0,78.0
2019-10-10 02:00:00,0.0,12.6,327.4,2.2,0.0,82.0
2019-10-10 02:15:00,0.0,12.6,18.5,1.5,0.0,83.0
2019-10-10 02:30:00,0.0,12.2,14.2,1.3,0.0,85.0
2019-10-10 02:45:00,0.0,11.6,158.3,1.2,0.0,88.0
2019-10-10 03:00:00,0.0,11.2,323.4,2.6,0.0,89.0
2019-10-10 03:15:00,0.0,12.0,42.4,3.9,0.0,87.0
2019-10-10 03:30:00,0.0,11.5,353.1,1.3,0.0,88.0
2019-10-10 03:45:00,0.0,11.8,200.2,3.8,0.0,88.0
2019-10-10 04:00:00,0.0,11.2,11.3,1.8,0.0,89.0
2019-10-10 04:15:00,0.0,11.0,291.0,1.6,0.0,89.0
2019-10-10 04:30:00,0.0,11.5,308.4,2.9,0.0,90.0
2019-10-10 04:45:00,0.0,11.5,354.8,1.9,0.0,88.0
2019-10-10 05:00:00,0.0,11.4,215.1,1.3,0.0,90.0
2019-10-10 05:15:00,0.0,11.0,149.3,0.5,0.0,91.0
2019-10-10 05:30:00,0.0,10.8,84.3,1.8,0.0,92.0
2019-10-10 05:45:00,0.0,10.7,74.0,1.7,0.0,93.0
2019-10-10 06:00:00,0.0,10.7,15.6,2.4,0.0,93.0
2019-10-10 06:15:00,0.0,10.9,330.0,2.2,0.0,94.0
2019-10-10 06:30:00,0.0,11.3,358.5,3.4,0.0,93.0
2019-10-10 06:45:00,0.0,11.3,261.8,1.7,0.0,92.0
2019-10-10 07:00:00,0.0,11.2,342.3,1.8,0.0,93.0
2019-10-10 07:15:00,0.0,11.2,326.4,2.8,0.0,93.0
2019-10-10 07:30:00,0.0,11.2,333.0,3.6,0.0,94.0
2019-10-10 07:45:00,0.0,10.9,290.9,1.5,0.0,93.0
2019-10-10 08:00:00,0.0,10.3,105.2,0.5,11.7,94.0
2019-10-10 08:15:00,0.0,10.6,14.2,1.2,42.5,95.0
2019-10-10 08:30:00,0.0,12.0,26.1,2.4,101.2,93.0
2019-10-10 08:45:00,0.0,13.9,15.3,3.5,137.6,84.0
2019-10-10 09:00:00,0.0,14.9,51.4,4.7,183.5,81.0
2019-10-10 09:15:00,0.0,16.3,357.5,4.0,241.1,77.0
2019-10-10 09:30:00,0.0,17.8,14.9,4.2,302.0,70.0
2019-10-10 09:45:00,0.0,18.6,318.3,3.4,309.9,68.0
2019-10-10 10:00:00,0.0,19.5,68.7,3.0,411.7,65.0
2019-10-10 10:15:00,0.0,20.7,45.9,3.2,490.0,60.0
2019-10-10 10:30:00,0.0,21.2,23.0,3.5,547.0,58.0
2019-10-10 10:45:00,0.0,21.9,129.6,4.7,593.5,57.0
2019-10-10 11:00:00,0.0,22.4,153.8,5.0,650.0,56.0
2019-10-10 11:15:00,0.0,22.8,145.5,5.3,698.1,54.0
2019-10-10 11:30:00,0.0,23.5,200.0,4.6,738.6,52.0
2019-10-10 11:45:00,0.0,23.9,80.1,5.5,778.6,51.0
2019-10-10 12:00:00,0.0,24.4,206.5,5.5,812.7,50.0
2019-10-10 12:15:00,0.0,24.9,87.0,6.0,849.7,49.0
2019-10-10 12:30:00,0.0,25.4,48.7,5.6,871.7,47.0
2019-10-10 12:45:00,0.0,26.0,200.7,5.6,889.6,45.0
2019-10-10 13:00:00,0.0,26.0,73.8,4.8,931.9,44.0
2019-10-10 13:15:00,0.0,26.7,60.1,7.3,949.5,42.0
2019-10-10 13:30:00,0.0,27.0,179.2,5.9,954.0,42.0
2019-10-10 13:45:00,0.0,27.2,37.5,5.8,846.6,40.0
2019-10-10 14:00:00,0.0,27.9,214.9,5.3,969.9,39.0
2019-10-10 14:15:00,0.0,28.0,164.9,8.3,969.9,37.0
2019-10-10 14:30:00,0.0,28.1,287.1,6.9,955.9,37.0
2019-10-10 14:45:00,0.0,28.3,222.8,6.2,945.3,36.0
2019-10-10 15:00:00,0.0,28.9,322.6,5.9,564.1,35.0
2019-10-10 15:15:00,0.0,27.4,354.8,4.8,326.7,37.0
2019-10-10 15:30:00,0.0,27.7,324.5,5.1,423.7,37.0
2019-10-10 15:45:00,0.0,28.3,83.5,5.8,570.5,35.0
2019-10-10 16:00:00,0.0,27.4,351.4,4.7,242.8,35.0
2019-10-10 16:15:00,0.0,27.7,290.2,2.6,386.8,34.0
2019-10-10 16:30:00,0.0,29.1,297.7,4.3,674.3,32.0
2019-10-10 16:45:00,0.0,29.5,263.2,5.9,629.0,32.0
2019-10-10 17:00:00,0.0,28.7,296.3,6.9,378.4,33.0
2019-10-10 17:15:00,0.0,29.3,294.5,4.8,450.3,32.0
2019-10-10 17:30:00,0.0,29.8,244.9,4.0,454.5,30.0
2019-10-10 17:45:00,0.0,29.7,231.2,4.7,396.0,30.0
2019-10-10 18:00:00,0.0,29.2,273.3,5.5,339.2,31.0
2019-10-10 18:15:00,0.0,29.0,250.8,5.2,253.7,31.0
2019-10-10 18:30:00,0.0,28.7,252.8,4.3,173.7,31.0
2019-10-10 18:45:00,0.0,27.9,238.9,4.9,142.9,32.0
2019-10-10 19:00:00,0.0,27.5,257.9,4.2,90.3,33.0
2019-10-10 19:15:00,0.0,26.0,288.7,2.4,25.2,37.0
2019-10-10 19:30:00,0.0,24.5,277.5,2.4,6.7,40.0
2019-10-10 19:45:00,0.0,23.4,276.4,2.4,0.0,42.0
2019-10-10 20:00:00,0.0,22.5,288.2,2.6,0.0,45.0
2019-10-10 20:15:00,0.0,21.8,287.1,3.1,0.0,47.0
2019-10-10 20:30:00,0.0,21.5,200.6,2.9,0.0,47.0
2019-10-10 20:45:00,0.0,19.6,241.2,1.4,0.0,53.0
2019-10-10 21:00:00,0.0,19.5,341.5,0.6,0.0,53.0
2019-10-10 21:15:00,0.0,18.7,346.5,1.3,0.0,58.0
2019-10-10 21:30:00,0.0,18.1,28.9,3.2,0.0,61.0
2019-10-10 21:45:00,0.0,18.0,308.1,0.9,0.0,62.0
2019-10-10 22:00:00,0.0,18.2,36.9,2.4,0.0,61.0
2019-10-10 22:15:00,0.0,17.3,321.7,1.2,0.0,65.0
2019-10-10 22:30:00,0.0,16.9,290.5,0.9,0.0,65.0
2019-10-10 22:45:00,0.0,16.3,220.3,2.5,0.0,67.0
2019-10-10 23:00:00,0.0,15.6,356.1,2.9,0.0,71.0
2019-10-10 23:15:00,0.0,15.6,323.0,2.9,0.0,71.0
2019-10-10 23:30:00,0.0,16.2,337.1,3.0,0.0,68.0
2019-10-10 23:45:00,0.0,15.6,214.4,2.5,0.0,70.0
2019-10-11 00:00:00,0.0,15.2,234.1,2.4,0.0,72.0
2019-10-11 00:15:00,0.0,15.2,46.3,1.6,0.0,73.0
2019-10-11 00:30:00,0.0,15.3,120.0,2.2,0.0,74.0
2019-10-11 00:45:00,0.0,15.2,123.7,0.5,0.0,77.0
2019-10-11 01:00:00,0.0,15.5,125.2,0.5,0.0,80.0
2019-10-11 01:15:00,0.0,15.7,130.2,1.5,0.0,80.0
2019-10-11 01:30:00,0.0,15.4,127.9,2.7,0.0,83.0
2019-10-11 01:45:00,0.0,15.6,141.1,3.8,0.0,85.0
2019-10-11 02:00:00,0.0,15.9,124.3,4.3,0.0,85.0
2019-10-11 02:15:00,0.0,16.3,159.6,3.8,0.0,85.0
2019-10-11 02:30:00,0.0,16.8,186.0,4.1,0.0,85.0
2019-10-11 02:45:00,0.0,16.8,167.8,4.2,0.0,86.0
2019-10-11 03:00:00,0.0,17.1,191.0,5.3,0.0,85.0
2019-10-11 03:15:00,0.0,17.1,173.8,3.0,0.0,86.0
2019-10-11 03:30:00,0.0,16.7,188.1,3.5,0.0,87.0
2019-10-11 03:45:00,0.0,16.4,220.5,3.0,0.0,88.0
2019-10-11 04:00:00,0.0,16.1,201.6,3.2,0.0,89.0
2019-10-11 04:15:00,0.0,16.2,235.0,2.8,0.0,90.0
2019-10-11 04:30:00,0.0,16.5,236.2,2.0,0.0,89.0
2019-10-11 04:45:00,0.0,16.7,229.3,1.9,0.0,88.0
2019-10-11 05:00:00,0.0,16.5,213.5,1.9,0.0,89.0
2019-10-11 05:15:00,0.0,16.3,245.5,1.9,0.0,90.0
2019-10-11 05:30:00,0.0,16.6,114.9,1.0,0.0,89.0
2019-10-11 05:45:00,0.0,16.5,118.1,2.7,0.0,90.0
2019-10-11 06:00:00,0.0,16.2,124.3,2.9,0.0,91.0
2019-10-11 06:15:00,0.0,16.2,121.8,1.1,0.0,91.0
2019-10-11 06:30:00,0.0,16.3,125.1,0.1,0.0,91.0
2019-10-11 06:45:00,0.0,16.5,34.8,1.0,0.0,90.0
2019-10-11 07:00:00,0.0,16.6,328.2,2.4,0.0,90.0
2019-10-11 07:15:00,0.0,16.5,320.3,2.0,0.0,90.0
2019-10-11 07:30:00,0.0,16.5,340.3,2.5,0.0,91.0
2019-10-11 07:45:00,0.0,16.5,297.9,2.6,0.0,91.0
2019-10-11 08:00:00,0.0,16.6,332.8,2.1,2.8,91.0
2019-10-11 08:15:00,0.0,16.7,321.1,2.3,10.3,91.0
2019-10-11 08:30:00,0.0,17.1,10.6,3.1,21.3,89.0
2019-10-11 08:45:00,0.0,17.4,358.8,3.1,34.1,89.0
2019-10-11 09:00:00,0.0,17.5,357.9,3.3,45.0,88.0
2019-10-11 09:15:00,0.0,17.7,347.0,3.4,66.3,87.0
2019-10-11 09:30:00,0.0,18.1,35.1,2.6,87.5,86.0
2019-10-11 09:45:00,0.0,18.5,30.1,2.1,132.0,84.0
2019-10-11 10:00:00,0.0,19.0,148.1,3.2,175.6,81.0
2019-10-11 10:15:00,0.0,19.2,146.7,3.7,173.7,80.0
2019-10-11 10:30:00,0.0,19.5,124.0,2.4,165.3,78.0
2019-10-11 10:45:00,0.0,20.0,121.7,2.4,217.6,76.0
2019-10-11 11:00:00,0.0,20.2,82.5,4.9,254.2,75.0
2019-10-11 11:15:00,0.0,20.4,98.5,3.2,259.8,73.0
2019-10-11 11:30:00,0.0,20.7,27.3,4.7,310.2,72.0
2019-10-11 11:45:00,0.0,21.3,39.7,4.5,413.4,70.0
2019-10-11 12:00:00,0.0,22.4,22.7,4.5,817.8,66.0
2019-10-11 12:15:00,0.0,23.7,66.4,5.6,885.4,62.0
2019-10-11 12:30:00,0.0,24.0,330.0,5.9,856.1,61.0
2019-10-11 12:45:00,0.0,24.2,290.0,5.2,879.6,59.0
2019-10-11 13:00:00,0.0,24.9,50.4,5.8,897.2,57.0
2019-10-11 13:15:00,0.0,25.8,12.6,5.1,909.5,54.0
2019-10-11 13:30:00,0.0,26.0,259.4,4.7,844.9,51.0
2019-10-11 13:45:00,0.0,27.0,293.2,5.9,868.7,51.0
2019-10-11 14:00:00,0.0,27.1,313.0,4.7,773.6,49.0
2019-10-11 14:15:00,0.0,27.9,50.0,6.7,734.1,46.0
2019-10-11 14:30:00,0.0,27.7,347.6,6.0,863.9,43.0
2019-10-11 14:45:00,0.0,27.5,3.8,6.8,554.6,42.0
2019-10-11 15:00:00,0.0,28.9,54.6,8.6,636.0,36.0
2019-10-11 15:15:00,0.0,29.1,87.5,11.4,816.4,35.0
2019-10-11 15:30:00,0.0,29.2,86.3,10.1,698.1,33.0
2019-10-11 15:45:00,0.0,30.0,59.0,11.2,854.4,30.0
2019-10-11 16:00:00,0.0,29.7,41.1,7.8,579.2,29.0
2019-10-11 16:15:00,0.0,30.4,93.4,10.7,766.0,27.0
2019-10-11 16:30:00,0.0,29.9,79.6,11.8,496.4,26.0
2019-10-11 16:45:00,0.0,30.1,104.3,11.1,640.7,24.0
2019-10-11 17:00:00,0.0,30.4,35.9,8.8,648.3,24.0
2019-10-11 17:15:00,0.0,29.8,82.2,11.2,285.5,25.0
2019-10-11 17:30:00,0.0,29.3,78.5,7.3,269.9,25.0
2019-10-11 17:45:00,0.0,30.2,127.5,11.4,379.2,23.0
2019-10-11 18:00:00,0.0,30.0,44.5,12.4,309.0,23.0
2019-10-11 18:15:00,0.0,30.0,90.7,11.8,290.0,23.0
2019-10-11 18:30:00,0.0,30.0,67.3,14.1,246.1,24.0
2019-10-11 18:45:00,0.0,28.9,59.4,13.0,93.4,25.0
2019-10-11 19:00:00,0.0,28.0,94.3,13.0,33.3,27.0
2019-10-11 19:15:00,0.0,26.8,82.8,7.8,7.3,30.0
2019-10-11 19:30:00,0.0,26.2,70.2,10.3,1.4,30.0
2019-10-11 19:45:00,0.0,25.8,80.6,9.3,0.0,30.0
2019-10-11 20:00:00,0.0,25.6,73.3,12.3,0.0,28.0
2019-10-11 20:15:00,0.0,25.5,71.5,14.3,0.0,25.0
2019-10-11 20:30:00,0.0,24.9,62.7,12.4,0.0,26.0
2019-10-11 20:45:00,0.0,24.2,77.8,11.0,0.0,27.0
2019-10-11 21:00:00,0.0,23.9,82.8,12.9,0.0,28.0
2019-10-11 21:15:00,0.0,24.7,90.2,23.2,0.0,29.0
2019-10-11 21:30:00,0.0,24.4,80.0,18.4,0.0,30.0
2019-10-11 21:45:00,0.0,24.1,71.6,20.3,0.0,32.0
2019-10-11 22:00:00,0.0,23.5,72.6,16.3,0.0,34.0
2019-10-11 22:15:00,0.0,23.0,79.2,15.4,0.0,36.0
2019-10-11 22:30:00,0.0,22.9,91.8,15.4,0.0,37.0
2019-10-11 22:45:00,0.0,23.1,101.4,19.4,0.0,37.0
2019-10-11 23:00:00,0.0,22.8,74.8,22.9,0.0,39.0
2019-10-11 23:15:00,0.0,22.1,76.9,24.0,0.0,47.0
2019-10-11 23:30:00,0.0,21.7,82.0,26.5,0.0,51.0
2019-10-11 23:45:00,0.0,21.2,82.4,26.1,0.0,49.0
2019-10-12 00:00:00,0.0,20.7,85.4,23.3,0.0,50.0
2019-10-12 00:15:00,0.0,20.4,75.5,22.5,0.0,50.0
2019-10-12 00:30:00,0.0,20.2,67.6,27.9,0.0,52.0
2019-10-12 00:45:00,0.0,20.0,74.1,25.7,0.0,55.0
2019-10-12 01:00:00,0.0,19.9,75.9,27.4,0.0,56.0
2019-10-12 01:15:00,0.0,19.8,78.6,26.9,0.0,57.0
2019-10-12 01:30:00,0.0,19.6,223.2,13.0,0.0,59.0
2019-10-12 01:45:00,0.0,19.3,6.5,7.6,0.0,59.0
2019-10-12 02:00:00,0.0,19.9,277.5,13.6,0.0,56.0
2019-10-12 02:15:00,0.0,19.2,164.2,5.8,0.0,58.0
2019-10-12 02:30:00,0.0,18.0,291.3,3.6,0.0,63.0
2019-10-12 02:45:00,0.0,17.3,262.2,3.8,0.0,66.0
2019-10-12 03:00:00,0.0,17.3,30.6,4.4,0.0,65.0
2019-10-12 03:15:00,0.0,17.7,18.9,4.8,0.0,62.0
2019-10-12 03:30:00,0.0,17.2,352.0,3.2,0.0,65.0
2019-10-12 03:45:00,0.0,16.9,26.2,4.7,0.0,66.0
2019-10-12 04:00:00,0.0,16.2,144.3,2.9,0.0,69.0
2019-10-12 04:15:00,0.0,15.2,33.1,2.6,0.0,73.0
2019-10-12 04:30:00,0.0,14.8,308.2,3.4,0.0,75.0
2019-10-12 04:45:00,0.0,14.8,314.6,2.3,0.0,75.0
2019-10-12 05:00:00,0.0,14.6,321.8,3.9,0.0,76.0
2019-10-12 05:15:00,0.0,14.5,326.4,2.6,0.0,76.0
2019-10-12 05:30:00,0.0,14.5,349.4,3.3,0.0,76.0
2019-10-12 05:45:00,0.0,14.7,327.0,4.5,0.0,74.0
2019-10-12 06:00:00,0.0,14.3,335.7,4.4,0.0,76.0
2019-10-12 06:15:00,0.0,14.5,347.4,3.2,0.0,76.0
2019-10-12 06:30:00,0.0,14.2,288.4,1.8,0.0,77.0
2019-10-12 06:45:00,0.0,13.8,346.7,1.7,0.0,80.0
2019-10-12 07:00:00,0.0,13.5,349.2,0.7,0.0,81.0
2019-10-12 07:15:00,0.0,13.9,335.7,2.3,0.0,80.0
2019-10-12 07:30:00,0.0,13.5,355.9,2.8,0.0,82.0
2019-10-12 07:45:00,0.0,13.3,348.8,4.2,0.0,84.0
2019-10-12 08:00:00,0.0,13.8,13.5,3.7,7.6,83.0
2019-10-12 08:15:00,0.0,14.2,359.0,3.5,28.0,82.0
2019-10-12 08:30:00,0.0,14.7,352.6,3.7,51.5,81.0
2019-10-12 08:45:00,0.0,15.8,21.2,3.9,108.5,78.0
2019-10-12 09:00:00,0.0,17.0,345.7,5.9,135.1,73.0
2019-10-12 09:15:00,0.0,16.4,9.7,4.8,111.6,75.0
2019-10-12 09:30:00,0.0,17.5,38.3,5.4,189.3,72.0
2019-10-12 09:45:00,0.0,18.1,34.3,5.4,175.9,70.0
2019-10-12 10:00:00,0.0,19.6,21.1,7.2,431.0,67.0
2019-10-12 10:15:00,0.0,20.9,70.1,8.0,596.0,61.0
2019-10-12 10:30:00,0.0,21.6,134.3,7.2,610.2,58.0
2019-10-12 10:45:00,0.0,22.2,135.1,7.8,677.1,55.0
2019-10-12 11:00:00,0.0,22.2,136.7,6.2,536.7,53.0
2019-10-12 11:15:00,0.0,23.2,147.2,4.7,709.0,51.0
2019-10-12 11:30:00,0.0,22.9,162.4,7.6,475.2,52.0
2019-10-12 11:45:00,0.0,22.9,116.3,6.0,534.2,51.0
2019-10-12 12:00:00,0.0,23.3,100.5,4.8,494.7,50.0
2019-10-12 12:15:00,0.0,23.8,159.9,7.4,552.4,49.0
2019-10-12 12:30:00,0.0,24.6,83.3,7.3,744.2,47.0
2019-10-12 12:45:00,0.0,24.9,79.9,8.6,634.0,46.0
2019-10-12 13:00:00,0.0,25.1,122.7,8.6,628.7,45.0
2019-10-12 13:15:00,0.0,25.3,70.3,7.0,630.1,44.0
2019-10-12 13:30:00,0.0,25.2,130.8,8.2,483.3,44.0
2019-10-12 13:45:00,0.0,25.9,189.3,6.4,772.2,42.0
2019-10-12 14:00:00,0.0,25.7,49.7,5.0,453.6,43.0
2019-10-12 14:15:00,0.0,25.8,83.1,7.5,516.0,43.0
2019-10-12 14:30:00,0.0,26.4,135.0,5.8,472.6,41.0
2019-10-12 14:45:00,0.0,27.2,102.8,7.3,689.7,40.0
2019-10-12 15:00:00,0.0,26.9,161.6,8.5,410.3,40.0
2019-10-12 15:15:00,0.0,26.5,163.5,7.9,408.0,40.0
2019-10-12 15:30:00,0.0,26.9,139.0,8.6,530.5,40.0
2019-10-12 15:45:00,0.0,27.4,229.8,7.4,498.9,39.0
2019-10-12 16:00:00,0.0,26.6,164.5,7.9,438.0,40.0
2019-10-12 16:15:00,0.0,27.8,165.5,9.3,576.1,38.0
2019-10-12 16:30:00,0.0,26.8,176.2,8.6,319.4,39.0
2019-10-12 16:45:00,0.0,26.9,169.0,7.9,425.9,39.0
2019-10-12 17:00:00,0.0,27.5,176.8,7.7,491.7,38.0
2019-10-12 17:15:00,0.0,27.0,145.9,6.8,376.7,39.0
2019-10-12 17:30:00,0.0,28.2,189.3,7.5,601.0,37.0
2019-10-12 17:45:00,0.0,27.0,193.5,8.0,222.3,39.0
2019-10-12 18:00:00,0.0,26.3,160.2,5.4,141.2,39.0
2019-10-12 18:15:00,0.0,26.1,57.7,8.9,110.8,40.0
2019-10-12 18:30:00,0.0,24.4,45.6,14.3,100.4,49.0
2019-10-12 18:45:00,0.0,23.8,48.4,12.6,58.5,49.0
2019-10-12 19:00:00,0.0,23.3,30.7,12.6,36.9,51.0
2019-10-12 19:15:00,0.0,22.7,38.0,11.2,21.0,54.0
2019-10-12 19:30:00,0.0,22.3,40.6,8.5,5.0,56.0
2019-10-12 19:45:00,0.0,21.8,65.1,5.0,0.0,59.0
2019-10-12 20:00:00,0.0,21.2,315.9,4.0,0.0,61.0
2019-10-12 20:15:00,0.0,20.9,335.6,4.8,0.0,63.0
2019-10-12 20:30:00,0.0,21.0,18.7,4.6,0.0,63.0
2019-10-12 20:45:00,0.0,21.0,3.7,2.4,0.0,63.0
2019-10-12 21:00:00,0.0,20.5,1.1,4.1,0.0,66.0
2019-10-12 21:15:00,0.0,20.2,359.2,4.5,0.0,67.0
2019-10-12 21:30:00,0.0,20.2,348.0,3.1,0.0,66.0
2019-10-12 21:45:00,0.0,20.0,2.8,2.9,0.0,67.0
2019-10-12 22:00:00,0.0,19.8,104.6,2.2,0.0,68.0
2019-10-12 22:15:00,0.0,19.2,40.3,2.1,0.0,71.0
2019-10-12 22:30:00,0.0,18.9,6.2,4.0,0.0,72.0
2019-10-12 22:45:00,0.0,18.4,359.9,4.3,0.0,73.0
2019-10-12 23:00:00,0.0,17.9,0.1,4.2,0.0,75.0
2019-10-12 23:15:00,0.0,17.5,15.4,6.5,0.0,77.0
2019-10-12 23:30:00,0.0,18.0,31.3,8.7,0.0,74.0
2019-10-12 23:45:00,0.0,18.2,39.8,8.2,0.0,73.0
2019-10-13 00:00:00,0.0,17.9,37.7,9.1,0.0,73.0
2019-10-13 00:15:00,0.0,17.4,17.9,6.1,0.0,75.0
2019-10-13 00:30:00,0.0,16.9,5.8,6.4,0.0,77.0
2019-10-13 00:45:00,0.0,16.6,25.1,6.0,0.0,78.0
2019-10-13 01:00:00,0.0,16.5,349.6,5.2,0.0,79.0
2019-10-13 01:15:00,0.0,16.4,5.0,6.6,0.0,79.0
2019-10-13 01:30:00,0.0,16.3,334.4,5.2,0.0,79.0
2019-10-13 01:45:00,0.0,15.8,17.6,3.8,0.0,81.0
2019-10-13 02:00:00,0.0,15.1,254.9,2.1,0.0,83.0
2019-10-13 02:15:00,0.0,14.3,315.3,2.0,0.0,87.0
2019-10-13 02:30:00,0.0,14.5,342.9,3.6,0.0,87.0
2019-10-13 02:45:00,0.0,14.8,19.0,3.5,0.0,86.0
2019-10-13 03:00:00,0.0,14.3,333.2,3.1,0.0,88.0
2019-10-13 03:15:00,0.0,13.9,352.0,4.2,0.0,89.0
2019-10-13 03:30:00,0.0,14.0,359.9,3.7,0.0,89.0
2019-10-13 03:45:00,0.0,13.9,354.1,4.4,0.0,89.0
2019-10-13 04:00:00,0.0,14.0,346.4,3.8,0.0,89.0
2019-10-13 04:15:00,0.0,13.7,357.3,4.2,0.0,89.0
2019-10-13 04:30:00,0.0,13.6,343.4,3.6,0.0,90.0
2019-10-13 04:45:00,0.0,13.3,4.0,4.0,0.0,91.0
2019-10-13 05:00:00,0.0,13.5,350.7,4.0,0.0,91.0
2019-10-13 05:15:00,0.0,13.5,3.6,3.8,0.0,91.0
2019-10-13 05:30:00,0.0,13.3,119.6,2.3,0.0,91.0
2019-10-13 05:45:00,0.0,12.5,350.6,1.5,0.0,92.0
2019-10-13 06:00:00,0.0,12.5,346.3,2.9,0.0,94.0
2019-10-13 06:15:00,0.0,12.9,352.9,3.9,0.0,94.0
2019-10-13 06:30:00,0.0,12.7,12.7,3.5,0.0,95.0
2019-10-13 06:45:00,0.0,12.7,3.3,4.1,0.0,95.0
2019-10-13 07:00:00,0.0,12.9,1.3,4.6,0.0,95.0
2019-10-13 07:15:00,0.0,12.8,351.9,3.1,0.0,95.0
2019-10-13 07:30:00,0.0,12.7,12.1,3.0,0.0,95.0
2019-10-13 07:45:00,0.0,12.5,351.0,2.6,0.0,95.0
2019-10-13 08:00:00,0.0,12.6,32.1,3.1,10.9,96.0
2019-10-13 08:15:00,0.0,12.9,0.4,3.1,36.1,95.0
2019-10-13 08:30:00,0.0,13.6,349.5,3.5,71.3,93.0
2019-10-13 08:45:00,0.0,14.5,13.1,5.5,121.4,89.0
2019-10-13 09:00:00,0.0,15.3,0.8,5.7,170.6,86.0
2019-10-13 09:15:00,0.0,16.2,3.7,6.8,231.0,82.0
2019-10-13 09:30:00,0.0,17.1,314.4,5.6,292.5,79.0
2019-10-13 09:45:00,0.0,18.1,338.3,6.3,350.4,74.0
2019-10-13 10:00:00,0.0,18.8,354.2,4.9,410.0,71.0
2019-10-13 10:15:00,0.0,19.7,9.6,4.3,467.1,68.0
2019-10-13 10:30:00,0.0,20.4,39.7,3.2,520.2,65.0
2019-10-13 10:45:00,0.0,21.1,304.9,4.1,578.1,63.0
2019-10-13 11:00:00,0.0,21.1,232.0,4.9,602.7,63.0
2019-10-13 11:15:00,0.0,21.8,328.0,4.3,664.5,61.0
2019-10-13 11:30:00,0.0,22.4,319.8,4.5,705.3,59.0
2019-10-13 11:45:00,0.0,23.2,263.4,3.9,746.7,57.0
2019-10-13 12:00:00,0.0,23.4,10.9,5.7,768.0,56.0
2019-10-13 12:15:00,0.0,23.7,331.3,6.1,812.2,55.0
2019-10-13 12:30:00,0.0,24.3,297.3,4.8,818.6,53.0
2019-10-13 12:45:00,0.0,24.9,16.8,4.2,797.9,52.0
2019-10-13 13:00:00,0.0,25.5,297.5,7.2,887.7,51.0
2019-10-13 13:15:00,0.0,25.0,312.7,4.6,741.1,51.0
2019-10-13 13:30:00,0.0,26.2,298.9,5.7,920.4,48.0
2019-10-13 13:45:00,0.0,26.0,295.9,6.6,732.7,48.0
2019-10-13 14:00:00,0.0,26.8,337.6,5.7,925.4,46.0
2019-10-13 14:15:00,0.0,27.6,156.7,6.2,926.3,43.0
2019-10-13 14:30:00,0.0,27.8,278.5,5.8,931.0,42.0
2019-10-13 14:45:00,0.0,27.5,187.6,4.9,566.3,42.0
2019-10-13 15:00:00,0.0,27.8,265.8,4.1,782.8,41.0
2019-10-13 15:15:00,0.0,27.3,356.6,5.0,233.2,41.0
2019-10-13 15:30:00,0.0,26.3,335.7,3.9,158.6,42.0
2019-10-13 15:45:00,0.0,26.7,289.3,4.1,411.4,41.0
2019-10-13 16:00:00,0.0,29.1,174.4,4.6,733.0,36.0
2019-10-13 16:15:00,0.0,28.8,218.4,4.1,417.0,36.0
2019-10-13 16:30:00,0.0,27.2,247.8,5.2,215.6,40.0
2019-10-13 16:45:00,0.0,28.3,39.2,5.5,641.3,38.0
2019-10-13 17:00:00,0.0,28.9,337.0,7.2,596.8,35.0
2019-10-13 17:15:00,0.0,29.1,349.8,6.4,541.2,33.0
2019-10-13 17:30:00,0.0,28.8,322.3,5.4,510.1,33.0
2019-10-13 17:45:00,0.0,29.3,320.0,5.6,406.6,33.0
2019-10-13 18:00:00,0.0,28.8,347.1,6.0,292.8,33.0
2019-10-13 18:15:00,0.0,27.2,149.1,6.9,137.0,38.0
2019-10-13 18:30:00,0.0,24.9,160.6,10.1,45.6,48.0
2019-10-13 18:45:00,0.0,21.6,184.9,12.9,22.1,61.0
2019-10-13 19:00:00,0.0,20.9,175.4,12.7,9.8,62.0
2019-10-13 19:15:00,0.0,20.2,195.1,10.2,5.0,65.0
2019-10-13 19:30:00,0.0,19.9,73.2,9.9,0.0,67.0
2019-10-13 19:45:00,0.0,20.5,70.3,11.6,0.0,64.0
2019-10-13 20:00:00,0.0,20.1,316.4,7.2,0.0,68.0
2019-10-13 20:15:00,0.0,18.7,316.9,10.1,0.0,73.0
2019-10-13 20:30:00,0.0,18.1,299.6,10.4,0.0,73.0
2019-10-13 20:45:00,0.0,18.4,296.3,10.5,0.0,71.0
2019-10-13 21:00:00,0.0,18.9,323.1,8.0,0.0,66.0
2019-10-13 21:15:00,0.0,18.9,305.5,6.5,0.0,67.0
2019-10-13 21:30:00,0.0,18.3,63.4,7.1,0.0,73.0
2019-10-13 21:45:00,0.0,18.0,14.5,5.8,0.0,77.0
2019-10-13 22:00:00,0.0,17.5,85.9,4.2,0.0,80.0
2019-10-13 22:15:00,0.0,17.2,12.9,4.9,0.0,81.0
2019-10-13 22:30:00,0.0,17.2,5.0,5.1,0.0,81.0
2019-10-13 22:45:00,0.0,16.9,316.0,3.0,0.0,82.0
2019-10-13 23:00:00,0.0,16.9,351.0,2.8,0.0,82.0
2019-10-13 23:15:00,0.0,17.2,335.2,2.6,0.0,81.0
2019-10-13 23:30:00,0.0,17.3,4.9,3.8,0.0,82.0
2019-10-13 23:45:00,0.0,17.0,62.2,3.8,0.0,84.0
2019-10-14 00:00:00,0.0,16.6,170.7,2.9,0.0,84.0
2019-10-14 00:15:00,0.0,15.9,248.0,1.9,0.0,86.0
2019-10-14 00:30:00,0.0,15.4,309.8,2.5,0.0,88.0
2019-10-14 00:45:00,0.0,15.5,309.6,2.8,0.0,89.0
2019-10-14 01:00:00,0.0,15.3,246.9,2.5,0.0,89.0
2019-10-14 01:15:00,0.0,14.3,312.5,1.6,0.0,91.0
2019-10-14 01:30:00,0.0,13.9,82.4,1.3,0.0,92.0
2019-10-14 01:45:00,0.0,13.6,356.0,1.7,0.0,93.0
